<?xml version="1.0" encoding="UTF-8"?>
<addon
  id="webinterface.ywifk"
  version="0.2.0"
  name="Ywifk"
  provider-name="frolanta">
  <requires>
    <import addon="xbmc.json" version="6.0.0" />
  </requires>
  <extension point="xbmc.webinterface"/>
  <extension point="xbmc.addon.metadata">
    <summary lang="en">Ywifk</summary>
    <description lang="en">Control Kodi using your web browser and browse Youtube</description>
    <platform>all</platform>
    <language>en</language>
  </extension>
</addon>